<?xml version="1.0" encoding="UTF-8" ?>
<!DOCTYPE mapper PUBLIC "-//mybatis.org//DTD Mapper 3.0//EN" "http://mybatis.org/dtd/mybatis-3-mapper.dtd" >
<mapper namespace="com.myblog.mapper.WidgetMapper">
    <resultMap id="BaseResultMap" type="com.myblog.entity.Widget">
        <id column="id" property="id" jdbcType="INTEGER"/>
        <result column="widget_title" property="widgetTitle" jdbcType="VARCHAR"/>
        <result column="widget_content" property="widgetContent" jdbcType="VARCHAR"/>
        <result column="is_display" property="isDisplay" jdbcType="INTEGER"/>
        <result column="widget_type" property="widgetType" jdbcType="INTEGER"/>
    </resultMap>

    <sql id="tb">t_widget</sql>

    <sql id="Base_Column_List">
    id, widget_title, widget_content, is_display, widget_type
  </sql>


    <insert id="insert" parameterType="com.myblog.entity.Widget" useGeneratedKeys="true" keyProperty="id">
        insert into
        <include refid="tb"/>
        (widget_title,widget_content,is_display,widget_type)
        values (#{widgetTitle,jdbcType=VARCHAR}, #{widgetContent,jdbcType=VARCHAR}, #{isDisplay,jdbcType=INTEGER}
        , #{widgetType,jdbcType=INTEGER})
    </insert>


    <update id="update" parameterType="com.myblog.entity.Widget">
        update
        <include refid="tb"/>
        <set>
            <if test="id != null">id = #{id,jdbcType=INTEGER},</if>
            <if test="widgetTitle != null">widget_title = #{widgetTitle,jdbcType=VARCHAR},</if>
            <if test="widgetContent != null">widget_content = #{widgetContent,jdbcType=VARCHAR},</if>
            <if test="isDisplay != null">is_display = #{isDisplay,jdbcType=INTEGER},</if>
            <if test="widgetType != null">widget_type = #{widgetType,jdbcType=INTEGER},</if>
        </set>
        where id = #{id,jdbcType=INTEGER}
    </update>


    <select id="findWidgetByType" resultType="com.myblog.entity.Widget" parameterType="INTEGER">
        SELECT
        <include refid="Base_Column_List"/>
        FROM
        <include refid="tb"/>
        <where>
            widget_type = #{widgetType}
        </where>
    </select>

    <select id="getWidgetById" parameterType="Integer" resultType="com.myblog.entity.Widget">
        SELECT
        <include refid="Base_Column_List"/>
        FROM
        <include refid="tb"/>
        WHERE
        id=#{value}
    </select>


    <!--删除幻灯片-->
    <delete id="deleteWidget" parameterType="Integer">
        DELETE FROM
        <include refid="tb"/>
        WHERE id=#{value}
    </delete>



</mapper>
